question_id,hybrid_SE,token_entropy,seq_len,curv_std_w016,curv_std_full,curv_raw_w016,split
0,-0.0,2.631127,12.0,1.9116268,1.7745312,1.5737247,test
1,0.325083,3.5718935,7.0,1.8565917,1.7592951,1.5249952,train
2,-0.0,3.978003,7.0,1.8827904,1.7642096,1.5501189,test
3,0.325083,2.8043685,13.0,1.9104791,1.7812549,1.5979782,train
4,0.801819,2.5954144,13.0,1.9299603,1.7897446,1.5809808,train
5,-0.0,3.242806,10.0,1.8981398,1.7904675,1.5634383,train
6,-0.0,2.502233,12.0,1.9359335,1.7932746,1.6413838,test
7,1.227529,1.9191337,21.0,1.9601923,1.8164378,1.6368138,test
8,-0.0,2.640515,12.0,1.943202,1.802657,1.5535942,train
9,0.950271,2.6638448,10.0,1.8999805,1.7735535,1.5637928,test
10,-0.0,2.7625115,12.0,1.9403518,1.7943622,1.5559818,train
11,0.639032,2.3949766,11.0,1.9576596,1.808082,1.593656,train
12,1.227529,1.976972,16.0,1.918836,1.7843641,1.6539241,test
13,0.639032,2.85466,12.0,1.9109548,1.7850314,1.5745478,train
14,0.639032,1.7141396,20.0,1.9230393,1.7826481,1.6188745,test
15,0.801819,2.5083072,15.0,1.9254342,1.7852437,1.6553335,train
16,-0.0,2.5286057,14.0,1.9045972,1.7851413,1.5807136,train
17,1.19355,2.581879,14.0,1.9412098,1.7892727,1.5925426,train
18,1.609438,3.3868637,8.0,1.8979346,1.7748287,1.6037946,train
19,-0.0,2.9398897,12.0,1.9313418,1.7825574,1.5545439,train
20,-0.0,3.0875716,11.0,1.9115902,1.8013515,1.6059672,test
21,1.19355,2.557627,29.0,1.9272723,1.7822641,1.5784992,train
22,0.639032,2.040569,15.0,1.898387,1.7711394,1.631344,train
23,2.163956,1.725951,23.0,1.938706,1.8012238,1.6741863,train
24,0.940448,1.4137815,18.0,1.9338021,1.8018625,1.6020929,train
25,-0.0,2.8631136,11.0,1.9068428,1.7694165,1.6236693,test
26,0.325083,2.4715645,15.0,1.9224224,1.7956918,1.6281861,train
27,-0.0,2.957143,12.0,1.8996744,1.7834274,1.5877527,train
28,0.325083,1.8077615,18.0,1.9123739,1.8005527,1.6248913,test
29,-0.0,1.459625,21.0,1.9227241,1.7958758,1.6597258,test
30,0.639032,2.5921893,15.0,1.921689,1.7871941,1.6046766,test
31,-0.0,1.8912673,13.0,1.9429226,1.8127222,1.6523966,train
32,0.801819,4.3186955,8.0,1.889328,1.7699844,1.5752468,train
33,1.168282,3.2055755,10.0,1.9072813,1.7775718,1.541266,train
34,1.227529,3.1436691,13.0,1.9027796,1.7862257,1.579513,train
35,1.359237,3.0427575,11.0,1.9260021,1.7896429,1.582345,test
36,0.325083,4.095778,10.0,1.9203357,1.7808,1.6087323,test
37,-0.0,3.4754882,8.0,1.8852829,1.7772427,1.58527,train
38,-0.0,2.9346302,9.0,1.8930696,1.7808722,1.5298066,test
39,0.639032,3.014328,10.0,1.9035736,1.7845889,1.5820204,train
40,-0.0,3.3748817,15.0,1.9398838,1.7954379,1.6026506,train
41,0.639032,2.6559765,8.0,1.9036708,1.7692213,1.5908489,train
42,0.897946,3.712006,9.0,1.8962139,1.7680466,1.5967592,train
43,-0.0,2.9269254,10.0,1.9140717,1.7904457,1.5987773,train
44,1.227529,3.124358,12.0,1.9093102,1.7705047,1.5838671,train
45,0.325083,3.2396233,10.0,1.9129386,1.7847459,1.5919266,test
46,1.748067,2.8902624,13.0,1.950888,1.8061749,1.6105453,train
47,0.639032,3.892527,11.0,1.8934045,1.770363,1.5388942,train
48,0.325083,2.6920342,17.0,1.9512118,1.7949013,1.5634385,test
49,1.227529,2.0387888,15.0,1.8972772,1.7659979,1.5539542,train
50,2.302585,2.5894177,12.0,1.9230856,1.7977175,1.6052456,train
51,2.302585,2.9078608,22.0,1.9308838,1.7822875,1.5489874,test
52,2.163956,3.8029401,11.0,1.9052448,1.7729492,1.5732198,train
53,-0.0,4.1224723,9.0,1.9156452,1.7761987,1.5238065,train
54,0.325083,2.6075826,15.0,1.9226927,1.7932504,1.6028267,train
55,0.500402,3.3610659,11.0,1.9265394,1.7736471,1.5002499,test
56,2.025326,3.1699066,10.0,1.9343601,1.7798923,1.5358019,test
57,1.227529,3.3794937,9.0,1.9062476,1.7768633,1.5473232,train
58,0.325083,2.6150188,10.0,1.9013109,1.7791979,1.544268,train
59,2.163956,3.9669724,12.0,1.9004277,1.763981,1.5528202,test
60,0.639032,3.416092,10.0,1.9101576,1.7705975,1.592522,test
61,1.359237,2.2497504,13.0,1.913897,1.7723076,1.6168782,test
62,1.418484,2.839762,17.0,1.9343815,1.7846268,1.5783314,train
63,0.943348,2.7141492,14.0,1.9242196,1.7951574,1.6039219,train
64,2.163956,2.980643,10.0,1.9021376,1.7735094,1.5536375,train
65,2.025326,3.05888,11.0,1.9192442,1.7836272,1.5520138,train
66,2.302585,3.9558496,9.0,1.902726,1.7685912,1.5853709,test
67,-0.0,3.8551865,5.0,1.850947,1.7447304,1.5216631,train
68,0.940448,3.4958868,11.0,1.9071642,1.7692703,1.5515661,train
69,2.025326,2.879008,10.0,1.9356985,1.7938393,1.6078824,train
70,1.834372,3.344901,11.0,1.8895146,1.7601179,1.5640858,train
71,1.227529,2.8551116,16.0,1.9317802,1.7943286,1.5898107,test
72,0.940448,3.1469803,10.0,1.8838049,1.7568243,1.5918502,train
73,0.639032,2.5178537,15.0,1.9262476,1.7858269,1.61061,train
74,1.497866,3.118568,16.0,1.9286202,1.7948462,1.6014997,train
75,1.973001,3.354325,14.0,1.9135408,1.7796905,1.5517445,train
76,-0.0,3.5674078,7.0,1.881878,1.7594596,1.5533508,train
77,2.163956,3.9346273,11.0,1.902492,1.7679545,1.5770305,test
78,2.025326,3.1813185,18.0,1.9188505,1.7788025,1.5757767,train
79,1.834372,3.478877,9.0,1.8884187,1.7745694,1.5738177,train
80,2.302585,3.450085,15.0,1.9284898,1.8048745,1.6254382,train
81,1.609438,3.2903867,13.0,1.9305986,1.7900118,1.611421,train
82,1.886697,2.3963253,17.0,1.9600358,1.8033575,1.6176401,train
83,2.163956,3.1086948,13.0,1.9146336,1.7827184,1.6306869,test
84,1.470808,3.5481741,11.0,1.8824596,1.7680007,1.5482246,train
85,0.325083,3.037139,9.0,1.9140843,1.7728065,1.6149968,train
86,1.973001,3.249528,8.0,1.8913913,1.7720435,1.5761956,test
87,0.639032,3.643716,12.0,1.9003271,1.7690198,1.5641581,train
88,-0.0,2.8676462,8.0,1.8991312,1.7724844,1.5439796,test
89,-0.0,3.2953985,8.0,1.8962544,1.7875153,1.5711579,train
90,1.609438,3.8024366,13.0,1.9180788,1.7713044,1.5586954,train
91,1.695743,2.9033968,12.0,1.938929,1.8068715,1.6060886,test
92,0.897946,3.3492603,10.0,1.8918349,1.7628909,1.5682945,test
93,-0.0,2.6436875,12.0,1.9218407,1.8090811,1.6088747,train
94,0.325083,3.5823085,9.0,1.8944286,1.7645463,1.5361649,train
95,1.973001,2.3591688,12.0,1.90216,1.7830364,1.610465,train
96,-0.0,2.9398057,12.0,1.9124278,1.7810619,1.6235174,test
97,1.973001,3.5919964,9.0,1.9106865,1.7872746,1.6131082,train
98,0.693147,3.4760811,7.0,1.8539022,1.7657413,1.5365,test
99,1.834372,3.172663,11.0,1.8886529,1.7854983,1.62222,train
100,1.504788,3.5938199,7.0,1.8802055,1.7597324,1.5478405,test
101,0.325083,4.533724,6.0,1.9069942,1.774232,1.5734301,test
102,1.748067,3.7410774,8.0,1.9427122,1.7870312,1.5553933,train
103,1.227529,4.677268,7.0,1.8807068,1.753171,1.5386149,train
104,1.973001,3.576116,5.0,1.8764615,1.76075,1.5233092,train
105,2.302585,3.4461074,11.0,1.9161787,1.7826595,1.545907,train
106,-0.0,3.925814,9.0,1.9296366,1.7837042,1.5322275,train
107,-0.0,4.078902,5.0,1.8982563,1.7633631,1.5332516,test
108,2.302585,3.6420186,6.0,1.9027344,1.7742661,1.5937122,train
109,2.302585,4.6575637,8.0,1.9085999,1.7733713,1.5485497,train
110,2.302585,2.8441133,11.0,1.8961023,1.7798502,1.5600923,train
111,0.940448,3.3184144,11.0,1.9299294,1.7757326,1.5899321,train
112,1.834372,2.9366794,8.0,1.9332994,1.7958472,1.563533,train
113,0.940448,3.066209,16.0,1.9035298,1.7965615,1.5996513,train
114,0.639032,3.2683547,7.0,1.8545599,1.7615284,1.5869228,train
115,1.504788,2.5308108,13.0,1.9399209,1.7810751,1.6219406,test
116,1.227529,2.2576463,13.0,1.9385709,1.8070534,1.6349398,test
117,-0.0,2.038592,12.0,1.9448705,1.7915726,1.6326666,train
118,-0.0,3.7671523,8.0,1.8774594,1.7520987,1.5374475,train
119,-0.0,3.1780126,10.0,1.89881,1.7632618,1.5745511,test
120,-0.0,3.8019233,8.0,1.9195137,1.7782146,1.5853373,test
121,-0.0,3.3962808,10.0,1.9263358,1.7838352,1.5843407,train
122,1.470808,5.061827,7.0,1.8889471,1.7580783,1.5576073,train
123,0.325083,2.4326708,12.0,1.9517196,1.7979755,1.6225077,train
124,-0.0,2.6717448,8.0,1.9113456,1.7862786,1.5940676,test
125,2.025326,3.2458751,10.0,1.907205,1.7722529,1.535111,train
126,0.639032,2.2392087,20.0,1.9378061,1.8074951,1.6036335,train
127,1.643418,2.2816846,16.0,1.9558066,1.7916228,1.6062683,test
128,-0.0,2.4576552,21.0,1.9361038,1.7842312,1.6133183,test
129,2.302585,2.392617,19.0,1.9485515,1.8028408,1.6154118,train
130,-0.0,2.1388345,19.0,1.956511,1.8143198,1.6382931,train
131,1.168282,2.6721969,16.0,1.9348516,1.7945777,1.6247239,test
132,1.418484,2.2351825,21.0,1.9243711,1.7970493,1.6339425,train
133,0.639032,3.4580653,13.0,1.9091944,1.7819272,1.5867556,train
134,0.325083,2.3717904,19.0,1.9120493,1.7724123,1.6130309,train
135,1.279854,1.576477,26.0,1.935278,1.807359,1.6762377,train
136,0.325083,4.6986895,10.0,1.9167023,1.7640079,1.542168,test
137,0.500402,3.7470183,13.0,1.9091679,1.7745508,1.5579494,train
138,0.325083,2.4787288,15.0,1.9166732,1.7786776,1.5692135,train
139,0.639032,3.2807848,12.0,1.9248012,1.777628,1.6072642,train
140,0.325083,3.4855971,10.0,1.9264277,1.7904705,1.5929748,test
141,1.168282,3.0456064,12.0,1.9165606,1.7837448,1.6000975,train
142,0.639032,2.7659466,15.0,1.9343768,1.7845217,1.6195922,test
143,-0.0,4.3316917,8.0,1.8994728,1.7720101,1.5858045,test
144,-0.0,3.3137667,9.0,1.9053464,1.7800152,1.5495672,train
145,1.227529,2.5120027,13.0,1.9289094,1.7943429,1.5953484,train
146,0.325083,3.2169862,7.0,1.8919522,1.7732748,1.5685658,test
147,0.500402,3.977366,8.0,1.8704749,1.7568887,1.5479678,test
148,2.302585,3.0146897,12.0,1.9351548,1.7892317,1.5601107,train
149,-0.0,3.0506556,11.0,1.93672,1.7803277,1.5866948,train
150,1.973001,3.7886167,9.0,1.8839816,1.7702714,1.5555829,test
151,0.325083,2.9667358,9.0,1.9044622,1.7789295,1.5884784,test
152,2.163956,3.6417947,15.0,1.9251084,1.7784537,1.5569558,test
153,0.940448,3.4053216,10.0,1.9167056,1.7809693,1.538493,train
154,0.639032,3.946108,9.0,1.9079508,1.7701813,1.5841713,test
155,0.325083,3.2589254,12.0,1.9484702,1.7974033,1.6067419,train
156,-0.0,3.7515345,8.0,1.8914223,1.763095,1.5413542,test
157,1.0889,3.8322177,9.0,1.9259866,1.7817783,1.6023645,train
158,1.227529,3.6194422,8.0,1.9097253,1.765443,1.559875,train
159,0.801819,3.3336143,10.0,1.9254112,1.7809836,1.558579,test
160,0.940448,4.774938,6.0,1.8466142,1.7493496,1.5644579,train
161,1.227529,4.9725604,6.0,1.8761759,1.7571926,1.5680108,train
162,0.940448,2.9947653,15.0,1.9317657,1.7833046,1.592464,train
163,0.940448,5.066335,7.0,1.8620272,1.7613127,1.5760857,train
164,0.325083,5.034053,6.0,1.895531,1.764068,1.5493072,test
165,1.748067,4.8345566,6.0,1.8519348,1.7472718,1.5612607,train
166,0.500402,3.4280093,8.0,1.8904754,1.7627412,1.5819281,train
167,1.643418,2.7510936,12.0,1.9219881,1.789571,1.5680462,train
168,0.325083,3.6182468,9.0,1.9098066,1.7793857,1.5598836,train
169,1.973001,4.65308,9.0,1.9255129,1.7701695,1.5648171,train
170,0.325083,3.7667263,10.0,1.9250885,1.7747805,1.6049237,train
171,0.500402,3.7925873,9.0,1.8966212,1.7576805,1.5688566,test
172,-0.0,3.6570005,9.0,1.8954935,1.7593615,1.5639862,train
173,0.639032,3.991112,12.0,1.8916116,1.7730103,1.545084,test
174,1.168282,3.9401276,12.0,1.889329,1.7733401,1.5403508,train
175,-0.0,3.9278429,11.0,1.877142,1.7674278,1.5341349,train
176,2.163956,3.7078404,16.0,1.9116893,1.7745365,1.5742861,test
177,2.302585,3.8650002,10.0,1.8775887,1.7592283,1.5575715,train
178,0.639032,3.810606,7.0,1.8849629,1.7631361,1.5099312,train
179,1.497866,3.62554,9.0,1.890875,1.7576617,1.5540328,test
180,0.325083,3.6345062,10.0,1.8886198,1.764682,1.5692844,test
181,0.325083,2.8745182,10.0,1.9133595,1.7785579,1.6112375,train
182,-0.0,3.043875,17.0,1.916388,1.7971271,1.611821,train
183,0.325083,2.7445607,14.0,1.9193025,1.77534,1.5282356,train
184,-0.0,3.694411,9.0,1.8799416,1.7517319,1.5379791,train
185,0.801819,2.7604609,15.0,1.8972015,1.7749033,1.5680838,test
186,-0.0,3.2329078,10.0,1.8917271,1.7658564,1.5465794,train
187,-0.0,2.6264966,15.0,1.8865956,1.7707802,1.5738096,train
188,0.639032,2.4263673,16.0,1.9394387,1.7898245,1.5816369,train
189,-0.0,2.7627463,15.0,1.8983403,1.7791872,1.5680636,train
190,0.500402,2.6306756,12.0,1.8709463,1.7722228,1.6054434,train
191,2.163956,2.8199122,16.0,1.9021126,1.7706035,1.5660051,train
192,-0.0,2.583384,15.0,1.891878,1.7672538,1.5688839,train
193,1.497866,2.9306297,12.0,1.9088459,1.7826136,1.6525878,test
194,1.643418,2.1907034,13.0,1.9194756,1.8027246,1.5910273,train
195,1.227529,3.1587794,12.0,1.9027771,1.7736474,1.5688739,train
196,-0.0,2.5543075,12.0,1.9284467,1.8007127,1.615129,train
197,1.834372,4.565339,8.0,1.8875685,1.7700217,1.6005048,train
198,1.470808,5.3316016,7.0,1.9022864,1.7729719,1.5971609,test
199,1.643418,2.9386375,9.0,1.8704413,1.7708637,1.5583974,test
200,0.801819,2.56912,13.0,1.9247313,1.8002145,1.6349097,train
201,-0.0,3.70903,12.0,1.9017376,1.7923691,1.5690155,train
202,0.325083,2.8711615,10.0,1.8825799,1.7626497,1.544494,train
203,1.497866,3.4519646,12.0,1.9342146,1.7824708,1.5563005,train
204,1.973001,3.0553405,14.0,1.9047813,1.7872717,1.6006216,test
205,-0.0,3.2361553,10.0,1.9195691,1.7803315,1.5582156,train
206,-0.0,3.8696008,10.0,1.9159946,1.7772912,1.5225452,train
207,2.163956,4.1233153,8.0,1.9165897,1.7787743,1.5786781,train
208,-0.0,3.1355815,10.0,1.9180012,1.7918005,1.6255101,train
209,0.325083,3.1040509,12.0,1.9192213,1.7857367,1.6030608,train
210,-0.0,2.5736322,9.0,1.9079361,1.7737224,1.5683036,train
211,0.325083,2.0639052,17.0,1.9191699,1.7848704,1.6175834,train
212,2.025326,1.4670529,23.0,1.954316,1.7927151,1.5930554,train
213,2.163956,2.9664347,11.0,1.9040583,1.7815602,1.5591993,train
214,-0.0,2.6475427,14.0,1.9199044,1.7742797,1.596984,train
215,0.639032,2.8197277,11.0,1.940228,1.8069298,1.6133329,train
216,0.940448,3.476899,11.0,1.8891333,1.7658312,1.5228504,train
217,-0.0,2.7867851,10.0,1.901522,1.775677,1.582615,test
218,0.325083,2.4500816,12.0,1.9022592,1.7896808,1.5840338,test
219,2.163956,2.2289584,15.0,1.9197952,1.801835,1.5954819,test
220,0.940448,3.0667236,9.0,1.8654871,1.7677776,1.5892366,train
221,1.748067,3.245744,9.0,1.8834009,1.7680858,1.5694462,train
222,0.325083,4.033718,7.0,1.8527184,1.7571799,1.5700326,test
223,0.325083,3.0561182,11.0,1.8959702,1.7761668,1.5865151,train
224,0.639032,3.1189609,10.0,1.9494795,1.7995788,1.5891842,test
225,1.168282,2.2999628,17.0,1.9267392,1.7862575,1.5810508,test
226,-0.0,2.3274536,15.0,1.8880705,1.7526186,1.5741335,train
227,-0.0,2.589974,10.0,1.9177752,1.7912713,1.6013092,train
228,-0.0,3.0446484,9.0,1.9180909,1.7752424,1.5785903,train
229,0.639032,4.003789,9.0,1.8773241,1.7629188,1.5402957,train
230,0.801819,2.600102,9.0,1.9168262,1.7751302,1.5960792,test
231,-0.0,3.610492,11.0,1.928668,1.787133,1.6174046,test
232,0.325083,4.098841,11.0,1.9145838,1.7764803,1.5363655,test
233,0.801819,3.1922674,13.0,1.9210901,1.7826422,1.5765697,train
234,0.325083,2.241378,21.0,1.9641852,1.8100413,1.6124783,train
235,-0.0,3.4403062,7.0,1.8697361,1.7458551,1.5182699,train
236,-0.0,3.5804436,10.0,1.913113,1.7863884,1.5987355,test
237,0.610864,1.985623,19.0,1.944806,1.8203017,1.6165124,test
238,0.500402,2.6630824,13.0,1.9290975,1.7755426,1.603228,test
239,0.639032,3.7321925,10.0,1.892085,1.7671337,1.5164189,train
240,1.973001,2.4749746,11.0,1.8704958,1.7723442,1.578435,train
241,0.325083,2.6287615,9.0,1.8721752,1.7584553,1.5363308,test
242,-0.0,3.1278615,8.0,1.8761584,1.763731,1.5494648,train
243,-0.0,2.412254,15.0,1.9167995,1.782617,1.6324067,test
244,0.673012,3.8467834,10.0,1.9073557,1.7677525,1.5487381,test
245,1.609438,3.6296422,8.0,1.8636318,1.7673153,1.5524406,test
246,0.673012,3.1105604,10.0,1.8949684,1.7877306,1.590128,train
247,-0.0,3.1832566,15.0,1.9169097,1.7915087,1.6301941,train
248,0.940448,2.8033633,10.0,1.9070369,1.7891136,1.5782347,test
249,0.325083,2.032345,16.0,1.900382,1.7866948,1.6262339,train
250,-0.0,2.374306,13.0,1.8806635,1.7793032,1.6021576,test
251,0.325083,2.7644012,12.0,1.9118975,1.7998335,1.5925989,train
252,1.748067,3.043529,14.0,1.9073415,1.7760808,1.5908896,train
253,2.163956,3.1280675,9.0,1.9075837,1.7778056,1.5575699,test
254,2.163956,2.285915,14.0,1.9196049,1.7917068,1.5776696,train
255,1.497866,2.1504214,24.0,1.944633,1.7969548,1.6441196,train
256,0.940448,3.5541165,12.0,1.9369774,1.7934141,1.6037401,train
257,0.940448,2.4672155,9.0,1.8937985,1.775532,1.58895,train
258,0.325083,3.0524569,11.0,1.939591,1.7825766,1.5950332,train
259,0.639032,4.3997545,9.0,1.8990856,1.7747433,1.5456945,test
260,0.943348,3.3679948,7.0,1.9061254,1.775338,1.5410038,test
261,0.639032,3.249026,14.0,1.9295291,1.7906492,1.6339893,train
262,-0.0,4.32307,5.0,1.8662782,1.7480896,1.5279498,train
263,1.504788,3.1190698,17.0,1.9536308,1.8153328,1.6365466,train
264,1.504788,3.350135,10.0,1.9158071,1.7909744,1.5851942,train
265,0.325083,3.3377478,11.0,1.9155239,1.7719724,1.6113988,train
266,-0.0,2.2402925,11.0,1.9249727,1.8011563,1.6177354,train
267,2.302585,3.778705,7.0,1.8957648,1.7738515,1.6219527,train
268,2.163956,2.8485334,17.0,1.9221454,1.7746804,1.5362068,train
269,2.302585,4.1310873,10.0,1.9098206,1.7730602,1.5918288,train
270,2.163956,2.9572701,14.0,1.937397,1.7891544,1.5825863,train
271,0.325083,2.1936703,14.0,1.924162,1.8034651,1.6642326,test
272,0.325083,2.717491,13.0,1.9200412,1.7857417,1.5959798,train
273,0.325083,3.055452,10.0,1.9081774,1.7745304,1.5970473,train
274,0.801819,3.0359416,13.0,1.8980519,1.7810928,1.612987,train
275,0.325083,2.2743194,18.0,1.9204383,1.7846992,1.6077977,train
276,-0.0,3.2563756,9.0,1.8898911,1.7692337,1.5904957,test
277,1.497866,3.26856,14.0,1.8968986,1.764115,1.5618533,train
278,0.325083,2.1967015,27.0,1.9228798,1.7673256,1.6503811,train
279,1.418484,2.8562407,15.0,1.9184355,1.7855053,1.6310492,train
280,-0.0,2.6845407,9.0,1.9064994,1.7773283,1.5993916,train
281,0.325083,2.8239925,11.0,1.9219031,1.7877332,1.5699066,test
282,-0.0,3.332021,10.0,1.891498,1.7815294,1.6007524,train
283,-0.0,3.32052,15.0,1.9051123,1.7791911,1.5956469,train
284,0.639032,3.1741042,11.0,1.9282311,1.7861062,1.6041731,train
285,0.325083,2.2736914,14.0,1.9513694,1.8269855,1.6453949,test
286,1.748067,2.5130608,12.0,1.9119548,1.7871004,1.6512156,train
287,-0.0,2.7469866,12.0,1.9254484,1.7834347,1.6109848,train
288,-0.0,2.9983761,13.0,1.907197,1.7922888,1.552714,test
289,-0.0,3.0223129,15.0,1.9098387,1.7845047,1.5621463,test
290,-0.0,3.6821682,9.0,1.9078032,1.7729179,1.5673491,train
291,2.163956,3.7802536,10.0,1.9410471,1.7966486,1.5769653,train
292,0.325083,3.2041137,12.0,1.947105,1.7889614,1.5835441,train
293,0.639032,3.7417085,11.0,1.9053572,1.7709624,1.5710353,train
294,0.940448,3.0418553,14.0,1.9197469,1.7784332,1.5873257,train
295,0.639032,2.3924987,17.0,1.9250101,1.7812079,1.5693874,train
296,0.639032,2.6587112,18.0,1.9220053,1.7793673,1.5750451,train
297,1.748067,3.2296503,17.0,1.9162735,1.788719,1.6181008,test
298,2.163956,2.0057807,26.0,1.9285182,1.7804854,1.6298279,test
299,1.359237,2.2980795,18.0,1.922367,1.785141,1.5939194,train
300,0.940448,2.42965,12.0,1.9022846,1.7846413,1.6292275,train
301,-0.0,2.8321416,13.0,1.9195075,1.7909505,1.6153272,train
302,0.500402,2.9891121,11.0,1.9260521,1.7895657,1.6274089,test
303,1.220607,2.4020617,12.0,1.8911356,1.7815268,1.6361362,train
304,0.610864,3.045833,9.0,1.8990135,1.7728702,1.5954595,train
305,0.639032,2.9047909,11.0,1.9067079,1.7794254,1.6244627,test
306,1.834372,3.239376,9.0,1.8940433,1.7662643,1.5849086,train
307,1.227529,3.0930445,10.0,1.9159235,1.7847292,1.6207795,test
308,0.639032,2.7071476,14.0,1.9328927,1.7846719,1.5929394,train
309,1.227529,2.301919,16.0,1.965571,1.8054966,1.6270733,test
310,1.0889,2.5571377,12.0,1.9303092,1.799451,1.664653,test
311,1.609438,2.7089171,9.0,1.9190792,1.7862966,1.593761,train
312,-0.0,3.2148373,9.0,1.9085928,1.7858522,1.6120619,test
313,-0.0,3.090074,10.0,1.9103009,1.7767713,1.5790998,train
314,0.325083,2.8923256,16.0,1.9256601,1.7896292,1.5790375,train
315,0.500402,3.2875423,12.0,1.9131445,1.7699835,1.6228973,test
316,1.834372,2.4895234,13.0,1.9355978,1.7924191,1.583582,train
317,1.497866,3.7416382,11.0,1.8980708,1.7731835,1.5504624,train
318,0.325083,2.8259559,14.0,1.9088362,1.7873577,1.6054268,train
319,-0.0,2.9626315,12.0,1.9007944,1.7727247,1.6125584,test
320,-0.0,3.4834716,12.0,1.9056159,1.780054,1.5803534,train
321,1.0889,3.1887467,9.0,1.8959848,1.7671111,1.5529372,test
322,1.748067,2.9874477,12.0,1.9149123,1.7940998,1.6064377,train
323,0.897946,2.9129872,10.0,1.922167,1.7867264,1.5791979,train
324,1.834372,3.169925,10.0,1.9232336,1.7819936,1.5810975,test
325,-0.0,3.1861374,12.0,1.9045469,1.7654105,1.5715472,train
326,1.227529,2.672847,11.0,1.8917478,1.7691793,1.541104,test
327,0.325083,4.033112,7.0,1.8393302,1.737307,1.498649,train
328,0.325083,3.6593251,9.0,1.9045922,1.7831118,1.5881983,test
329,-0.0,2.92637,14.0,1.9424882,1.7906063,1.6063994,train
330,1.359237,3.0487473,10.0,1.8873839,1.767331,1.6170908,train
331,-0.0,4.1166515,9.0,1.887814,1.7532605,1.5326262,train
332,0.325083,3.1267664,11.0,1.9124938,1.7959025,1.6076549,train
333,-0.0,3.4200573,8.0,1.8987981,1.7707615,1.5933563,train
334,-0.0,3.3236568,9.0,1.886007,1.7689425,1.5845798,test
335,-0.0,2.8044803,10.0,1.9234496,1.7840557,1.5751718,train
336,-0.0,3.283956,9.0,1.9031554,1.7692481,1.5868558,test
337,-0.0,3.478734,11.0,1.9481964,1.7844077,1.5767587,train
338,-0.0,3.6660008,9.0,1.8860369,1.7717973,1.5626823,train
339,-0.0,2.5410514,21.0,1.9115688,1.7766696,1.5308756,train
340,-0.0,4.1947966,8.0,1.9001026,1.7861423,1.6081796,test
341,-0.0,3.4212842,10.0,1.9242254,1.7864519,1.6118845,train
342,1.359237,5.2154617,7.0,1.8670799,1.7608966,1.519312,train
343,0.943348,2.1077495,14.0,1.9254085,1.7867447,1.5784231,train
344,0.943348,2.135205,14.0,1.9215751,1.7873956,1.5742936,test
345,0.940448,4.6048174,8.0,1.8810314,1.764511,1.570335,train
346,0.325083,3.8244338,11.0,1.8825873,1.7689706,1.5633625,train
347,1.609438,4.084553,8.0,1.9024845,1.767526,1.5613418,train
348,0.639032,3.4258368,16.0,1.9236339,1.7997369,1.6048287,train
349,0.639032,2.6427057,15.0,1.9121512,1.7905333,1.6452714,train
350,0.500402,2.997834,14.0,1.9093622,1.7746712,1.5824226,train
351,-0.0,2.735326,17.0,1.9200735,1.7881299,1.604153,test
352,-0.0,2.505011,10.0,1.9285078,1.77736,1.5720433,test
353,1.497866,3.4159439,12.0,1.9201183,1.7700154,1.5470749,train
354,0.500402,4.036446,8.0,1.8886795,1.771458,1.5362157,test
355,0.940448,3.0670402,15.0,1.9114205,1.8127031,1.6028762,train
356,1.0889,2.9443138,12.0,1.9232178,1.7855858,1.5857979,train
357,1.609438,2.96712,12.0,1.9250464,1.7875602,1.6244429,train
358,-0.0,3.4300137,12.0,1.8954366,1.7849377,1.5898867,train
359,-0.0,3.913327,12.0,1.9050089,1.783935,1.6230103,train
360,-0.0,3.4140923,9.0,1.8924679,1.7865019,1.5772549,test
361,1.834372,3.20482,12.0,1.9059051,1.7814795,1.6416478,test
362,0.325083,3.6780384,14.0,1.9260712,1.7784417,1.5654494,train
363,0.325083,2.622565,14.0,1.9214524,1.7861135,1.6059769,test
364,0.940448,2.9568074,14.0,1.9066542,1.7850912,1.5734078,train
365,0.325083,3.4247816,12.0,1.898981,1.777008,1.5790601,train
366,1.359237,3.1338637,8.0,1.9115793,1.7799911,1.5629824,train
367,2.025326,3.217815,10.0,1.9048748,1.7844579,1.5822763,train
368,1.227529,3.2413027,9.0,1.9100704,1.7884616,1.5650297,test
369,1.227529,3.314047,11.0,1.9053642,1.7885991,1.556479,train
370,-0.0,3.2072146,13.0,1.917973,1.7936958,1.5878719,train
371,0.940448,3.4812646,11.0,1.9220861,1.7861223,1.5824538,test
372,1.0889,3.1918182,10.0,1.9131733,1.7734538,1.5842127,train
373,1.227529,2.9339182,16.0,1.8868165,1.7815125,1.5541948,train
374,-0.0,4.2285557,9.0,1.9055594,1.7774137,1.5962129,train
375,-0.0,2.9442768,12.0,1.9190383,1.7812215,1.587746,train
376,1.470808,3.327958,11.0,1.9121146,1.7833408,1.5985842,train
377,-0.0,3.432081,11.0,1.9131907,1.7836646,1.5670342,train
378,1.227529,3.127845,12.0,1.9235941,1.8107973,1.5970621,train
379,0.940448,3.1962898,15.0,1.9086477,1.7838572,1.6174893,train
380,1.279854,3.3924491,16.0,1.9357208,1.788397,1.5619661,train
381,-0.0,3.336137,16.0,1.9398257,1.795308,1.579203,train
382,1.418484,3.1311598,12.0,1.9229912,1.7800874,1.5482893,test
383,0.639032,3.3542254,11.0,1.9049698,1.7699707,1.5505028,train
384,0.325083,2.1664562,16.0,1.9015077,1.783053,1.5795976,train
385,-0.0,3.691552,11.0,1.8916727,1.7700951,1.5457112,train
386,1.19355,3.4736607,10.0,1.8999391,1.7751135,1.565082,train
387,0.639032,3.7494493,10.0,1.898328,1.7741743,1.5722271,train
388,1.748067,2.8442247,12.0,1.9092654,1.7877678,1.5539513,test
389,-0.0,3.621564,11.0,1.9082772,1.7680286,1.5611897,train
390,-0.0,2.8004327,15.0,1.925387,1.7774165,1.6265951,test
391,-0.0,3.6691651,13.0,1.9076653,1.7722007,1.5963329,train
392,0.325083,3.7605386,15.0,1.9145631,1.7854718,1.6195345,train
393,-0.0,3.3217037,13.0,1.9483422,1.7933247,1.5937759,test
394,1.227529,3.4845817,10.0,1.921269,1.7886544,1.5955898,train
395,0.325083,3.1463695,13.0,1.9517623,1.7961422,1.5935758,test
396,-0.0,2.9690907,13.0,1.9307448,1.7876781,1.5873374,train
397,0.673012,4.2264733,8.0,1.8858532,1.7601713,1.5891004,train
398,1.168282,3.319771,12.0,1.9299499,1.7870264,1.6037937,test
399,-0.0,2.7084963,14.0,1.9388732,1.7855246,1.6098553,test
400,0.325083,3.2704902,8.0,1.897678,1.7753743,1.5975599,test
401,-0.0,2.6916764,12.0,1.886345,1.7811422,1.5432028,train
402,1.227529,2.8168533,12.0,1.8853893,1.7824965,1.5357417,test
403,0.940448,3.285421,10.0,1.9072374,1.7801104,1.5613412,train
404,1.168282,3.2320015,11.0,1.909036,1.7896422,1.627725,train
405,0.325083,2.8223453,13.0,1.927774,1.7660334,1.573697,train
406,-0.0,2.619879,11.0,1.9076475,1.7669679,1.560469,test
407,0.325083,2.6296709,14.0,1.9307643,1.7946519,1.598689,train
408,1.497866,3.259481,11.0,1.9270921,1.7837021,1.554685,test
409,-0.0,3.2958395,11.0,1.9059507,1.774244,1.5606652,train
410,-0.0,3.4434464,11.0,1.8675741,1.7517383,1.5523267,train
411,1.418484,3.1372664,9.0,1.8772451,1.7624882,1.5379758,train
412,1.227529,3.2301683,11.0,1.9287075,1.7947034,1.5972929,train
413,0.325083,3.6335547,11.0,1.937821,1.7901429,1.5875721,train
414,0.940448,3.0920556,10.0,1.922669,1.7940594,1.6033134,train
415,-0.0,2.544939,14.0,1.9259945,1.7932723,1.6074821,test
416,-0.0,3.81346,6.0,1.890261,1.751051,1.5444922,train
417,-0.0,3.931833,7.0,1.8869281,1.7498893,1.576989,train
418,2.302585,2.9503841,23.0,1.945254,1.783502,1.5328344,train
419,2.302585,3.3954756,23.0,1.9524711,1.7770303,1.490287,test
420,2.302585,2.8516877,29.0,1.9395485,1.7868513,1.5391135,test
421,1.497866,3.466583,23.0,1.9446627,1.7815444,1.5741068,test
422,2.302585,2.9194782,35.0,1.9503516,1.7819768,1.570395,train
423,1.418484,3.776974,31.0,1.9423846,1.7816294,1.552761,test
424,2.302585,3.0613344,26.0,1.937027,1.7809908,1.5299371,test
425,2.302585,3.5349538,30.0,1.9322208,1.7779455,1.5594991,test
426,1.748067,2.790182,39.0,1.9412522,1.7742193,1.5240434,train
427,2.163956,3.1023934,38.0,1.9379934,1.773463,1.5394149,test
428,2.163956,2.442733,42.0,1.9491075,1.7840971,1.5448154,train
429,2.163956,3.979687,24.0,1.9226528,1.7835642,1.596433,test
430,2.302585,3.40865,36.0,1.9126776,1.7681332,1.5265201,train
431,1.418484,2.9534914,34.0,1.8952007,1.7725805,1.5621275,test
432,0.940448,2.8495667,46.0,1.920447,1.7638853,1.5945578,train
433,2.302585,3.1051104,46.0,1.9335858,1.7726179,1.5837693,train
434,1.609438,3.025335,34.0,1.9248128,1.7679719,1.5443336,test
435,1.609438,2.5018976,48.0,1.9240141,1.7785949,1.5535183,train
436,2.302585,2.5859938,31.0,1.9260324,1.7745,1.5544361,train
437,1.748067,2.1713927,44.0,1.9320874,1.7734661,1.5085589,train
438,1.834372,2.6710987,37.0,1.9397198,1.7768648,1.5328921,train
439,0.801819,2.0021846,35.0,1.9138523,1.7683318,1.5870028,train
440,1.834372,3.7206004,30.0,1.9096054,1.766328,1.5549364,train
441,1.497866,2.3293877,35.0,1.9109192,1.7700919,1.5423521,train
442,2.025326,2.5724702,39.0,1.9337687,1.7803564,1.5485183,train
443,1.497866,2.8225806,17.0,1.9117846,1.7823827,1.61416,train
444,-0.0,2.0545812,16.0,1.920474,1.7690547,1.6180319,test
445,2.163956,3.1740408,15.0,1.9070934,1.778483,1.5913254,test
446,-0.0,2.3068957,20.0,1.9104325,1.7852974,1.6347474,test
447,0.897946,3.2674723,11.0,1.9059442,1.7936811,1.60084,test
448,1.973001,3.1895578,15.0,1.886527,1.7723408,1.5494779,train
449,0.801819,3.5635912,11.0,1.9165787,1.7851849,1.5705466,train
450,-0.0,3.2183387,12.0,1.9266459,1.7799836,1.6215037,train
451,-0.0,3.5039759,9.0,1.905084,1.7770863,1.5758644,train
452,-0.0,3.465024,9.0,1.906167,1.775094,1.5793977,train
453,0.940448,2.7854836,12.0,1.9056201,1.7758534,1.5728391,train
454,1.973001,3.0634084,9.0,1.9086642,1.7771875,1.578591,test
455,-0.0,2.8902586,12.0,1.9079918,1.7776548,1.5681094,test
456,0.801819,2.9227974,14.0,1.909069,1.7913249,1.5814523,train
457,0.639032,2.571592,13.0,1.9065546,1.785445,1.6105576,train
458,-0.0,3.0865676,11.0,1.9120394,1.7940655,1.618352,train
459,0.940448,2.6674578,13.0,1.900868,1.7779658,1.6052904,train
460,0.325083,2.5303805,13.0,1.8856134,1.7651414,1.5918545,train
461,-0.0,3.2100985,13.0,1.8918947,1.7710893,1.5356117,test
462,0.325083,3.252033,12.0,1.8917078,1.7692698,1.5321223,test
463,0.325083,2.7840722,18.0,1.9213918,1.7902814,1.5882139,test
464,0.940448,2.978117,12.0,1.9171346,1.7875432,1.6358796,test
465,0.639032,3.2844005,15.0,1.9115753,1.7943611,1.5778184,train
466,0.325083,3.0866957,18.0,1.9290549,1.7900912,1.5666894,train
467,-0.0,2.679743,11.0,1.9034791,1.7705306,1.5677481,test
468,0.325083,2.7185051,14.0,1.9266046,1.792279,1.6280127,test
469,-0.0,2.1634407,18.0,1.942729,1.8007344,1.609881,train
470,0.639032,3.0614576,16.0,1.9351276,1.7952789,1.5949935,train
471,1.695743,2.6482027,14.0,1.9328865,1.7915214,1.5685412,train
472,-0.0,1.9626656,20.0,1.914508,1.7831714,1.6090964,train
473,0.801819,2.8729491,11.0,1.9052535,1.7796059,1.663362,train
474,0.801819,3.321312,9.0,1.8790258,1.7606493,1.612856,test
475,0.325083,3.3552442,8.0,1.8850864,1.7684162,1.6116627,train
476,0.801819,2.7691994,15.0,1.9262902,1.7776552,1.5732403,test
477,0.639032,2.4977903,17.0,1.9357985,1.79107,1.6541892,train
478,1.168282,2.8087611,17.0,1.9019629,1.7760689,1.539639,train
479,0.325083,2.7623,15.0,1.9277039,1.7774032,1.5728974,test
480,2.163956,3.2377598,17.0,1.8908209,1.7669723,1.5401062,train
481,2.163956,3.167161,17.0,1.900448,1.7689317,1.5590404,train
482,0.325083,3.036864,13.0,1.9214821,1.7784576,1.5533419,test
483,1.168282,2.6813295,16.0,1.915288,1.7795912,1.5559093,train
484,0.940448,2.8556542,13.0,1.9035044,1.7839683,1.5545492,train
485,1.886697,2.6697109,13.0,1.9110383,1.7806236,1.5556768,train
486,1.227529,2.499392,23.0,1.9106555,1.7767237,1.5680095,train
487,-0.0,3.4039717,9.0,1.8927041,1.753533,1.5238215,train
488,0.940448,2.5472283,14.0,1.9041033,1.7695354,1.5645348,test
489,0.639032,2.6866863,19.0,1.9034079,1.7776524,1.5659729,train
490,0.801819,3.8259249,11.0,1.8957311,1.7833165,1.5663503,train
491,0.325083,2.605358,17.0,1.9342194,1.7865857,1.5897311,train
492,-0.0,2.4772027,15.0,1.9405764,1.7928067,1.5756336,train
493,0.940448,2.3516989,16.0,1.9145445,1.7871801,1.6048594,train
494,0.940448,3.3976936,14.0,1.9447308,1.7960587,1.5918235,train
495,1.973001,2.877962,12.0,1.9312536,1.7840446,1.5755848,train
496,0.325083,3.7356403,10.0,1.8925918,1.7668552,1.5591332,test
497,-0.0,2.8018625,13.0,1.9172097,1.7922533,1.5661265,train
498,0.325083,3.5880623,10.0,1.8914089,1.7630084,1.545211,test
499,0.639032,3.2724578,10.0,1.8952988,1.7730695,1.5812211,train
500,0.325083,2.776544,11.0,1.9096316,1.7950691,1.6319383,train
501,1.470808,3.2369714,13.0,1.9228439,1.7814825,1.6045634,train
502,0.325083,2.7431488,17.0,1.9145317,1.7697132,1.6072274,train
503,1.168282,3.3268013,16.0,1.9090296,1.7863971,1.5514946,train
504,0.325083,2.6707168,15.0,1.9010817,1.7828108,1.5745789,train
505,2.163956,2.6981204,19.0,1.9045483,1.7808768,1.5692577,test
506,0.639032,3.2455442,11.0,1.8963431,1.7655977,1.5772972,train
507,1.497866,2.840435,14.0,1.8947111,1.7605426,1.5991231,train
508,2.163956,2.0138195,28.0,1.9176489,1.7773212,1.6040138,train
509,0.325083,1.8969301,26.0,1.9169974,1.7744939,1.5892286,test
510,2.163956,1.858139,26.0,1.9128639,1.7724555,1.6094791,train
511,0.940448,1.8336445,25.0,1.925961,1.7748019,1.601595,test
512,1.609438,2.2341785,23.0,1.9053596,1.7920153,1.6023718,train
513,2.163956,2.2840443,26.0,1.9245768,1.7942652,1.6161662,train
514,-0.0,2.6216493,16.0,1.9233361,1.7852007,1.5934273,test
515,-0.0,2.6428258,17.0,1.9321436,1.7763561,1.5868558,train
516,0.639032,2.6247416,16.0,1.9163674,1.7801675,1.6186103,train
517,0.325083,3.2233536,12.0,1.9053582,1.7694968,1.5496511,test
518,2.163956,3.8334885,12.0,1.9188032,1.7889259,1.5555025,train
519,1.497866,2.2409034,22.0,1.9268469,1.7964727,1.6331148,train
520,2.025326,2.1739283,22.0,1.9248728,1.7991079,1.6334151,train
521,1.359237,1.7378381,25.0,1.9331826,1.7896249,1.6438712,train
522,1.227529,1.8143114,25.0,1.9391279,1.7931088,1.6430804,test
523,-0.0,3.1426816,10.0,1.9103583,1.799117,1.5844876,train
524,-0.0,3.025995,9.0,1.90375,1.7895232,1.5737133,train
525,0.639032,3.2140274,9.0,1.911745,1.7867144,1.5828248,train
526,0.639032,3.3573098,11.0,1.8995804,1.7839527,1.5675817,train
527,-0.0,3.5778246,11.0,1.900025,1.78036,1.5592958,test
528,-0.0,3.380259,11.0,1.8999265,1.7859012,1.5595903,train
529,0.940448,3.4174716,8.0,1.8881375,1.778823,1.5670687,train
530,1.279854,2.8858473,14.0,1.9295403,1.8015829,1.599558,train
531,1.359237,2.4395835,22.0,1.9174706,1.7747033,1.5557708,train
532,-0.0,2.444761,18.0,1.8959292,1.7653147,1.5739398,train
533,-0.0,2.7746654,18.0,1.9204025,1.782484,1.5515827,train
534,0.325083,2.3880835,18.0,1.8988053,1.7707533,1.5354004,train
535,0.639032,2.8426926,12.0,1.9488554,1.7927288,1.6065196,train
536,0.325083,3.4673185,12.0,1.9117017,1.7743155,1.6157742,train
537,0.639032,2.7115586,14.0,1.8930792,1.7748533,1.5564171,train
538,0.801819,2.920442,10.0,1.9317802,1.8078996,1.6156491,train
539,0.610864,3.5730479,13.0,1.9326442,1.7845353,1.5412015,test
540,2.163956,2.514449,36.0,1.9285332,1.7853833,1.5897015,train
541,1.418484,3.3692367,11.0,1.9110492,1.7811985,1.5801669,train
542,0.940448,3.2840245,10.0,1.9088265,1.7840825,1.5856724,train
543,1.227529,2.688494,13.0,1.8975264,1.7683934,1.5966679,train
544,-0.0,3.1928473,10.0,1.8859574,1.7683382,1.6021043,train
545,0.639032,3.1503391,12.0,1.9072934,1.7784542,1.6145655,test
546,1.748067,2.1212,20.0,1.936759,1.7804039,1.6398448,train
547,0.940448,3.406079,28.0,1.9311771,1.7654399,1.5701338,train
548,1.973001,3.1945207,29.0,1.9297663,1.782489,1.5452636,train
549,0.610864,2.9226058,13.0,1.9054054,1.7733201,1.6078625,train
550,0.639032,2.827561,13.0,1.9106579,1.7804357,1.6025463,train
551,-0.0,2.582254,16.0,1.9301888,1.7824385,1.6240988,test
552,0.325083,2.1489158,19.0,1.9108887,1.7944366,1.5988451,train
553,-0.0,2.7750971,19.0,1.9234096,1.8008883,1.5593373,train
554,-0.0,2.7406304,14.0,1.9146103,1.7816994,1.5737513,train
555,-0.0,3.1503859,13.0,1.9116378,1.770702,1.5612024,train
556,-0.0,3.1030242,15.0,1.9331102,1.7873427,1.5714697,train
557,-0.0,3.2388158,10.0,1.8844093,1.7604923,1.5585066,train
558,2.302585,3.161602,36.0,1.9334778,1.7798012,1.6159815,train
559,2.302585,2.5774474,46.0,1.9213166,1.7723058,1.5850534,train
560,1.834372,3.2692542,25.0,1.9182447,1.7772444,1.588247,train
561,2.302585,3.19409,32.0,1.9269718,1.7753025,1.521429,test
562,2.302585,3.017733,34.0,1.9351087,1.7702713,1.5221671,test
563,1.834372,2.9991455,33.0,1.9319186,1.783616,1.5276375,train
564,1.227529,3.003909,36.0,1.9364452,1.7885207,1.5999166,train
565,2.163956,3.034137,28.0,1.9036665,1.7683469,1.5798998,train
566,2.163956,3.2580447,30.0,1.9352871,1.770384,1.5394799,train
567,0.897946,3.1711268,34.0,1.9252324,1.7637339,1.5473319,test
568,2.302585,3.1986074,34.0,1.9329901,1.7624556,1.5838399,test
569,2.025326,2.9537942,42.0,1.9090909,1.7760983,1.5541958,train
570,0.639032,2.6418388,37.0,1.9158,1.7728454,1.5542339,test
571,1.0889,2.8506758,41.0,1.9001318,1.7810642,1.554624,train
572,1.227529,2.7304633,61.0,1.9203633,1.7674624,1.5173267,train
573,1.504788,2.8010867,54.0,1.9273096,1.7726666,1.5336065,test
574,1.834372,2.965015,54.0,1.9351465,1.7731732,1.4980139,train
575,0.325083,3.334073,58.0,1.927689,1.7756706,1.542204,train
576,1.609438,3.1539395,10.0,1.9287653,1.7954919,1.6043701,train
577,1.418484,2.8800528,13.0,1.9273087,1.7923304,1.6180731,train
578,1.497866,3.2372978,9.0,1.898311,1.7877102,1.5636358,train
579,2.163956,2.721165,10.0,1.9147516,1.7922984,1.6046848,train
580,1.609438,2.485618,12.0,1.9309076,1.7971445,1.6063341,train
581,0.500402,3.3286371,9.0,1.9090017,1.7744914,1.6098992,train
582,0.325083,2.8971672,10.0,1.9039167,1.7884632,1.5668706,test
583,1.834372,3.0302975,12.0,1.92062,1.7869917,1.6040529,train
584,2.025326,3.5770588,16.0,1.92265,1.7779132,1.570021,train
585,2.302585,3.0273335,19.0,1.9353348,1.7961175,1.5982851,train
586,1.359237,3.2232544,12.0,1.944652,1.786314,1.5712095,train
587,1.609438,2.9487197,11.0,1.9283127,1.7884022,1.5712342,train
588,0.940448,3.526818,15.0,1.9417099,1.7815124,1.5770283,test
589,2.302585,2.43145,20.0,1.9335197,1.8043078,1.6025747,train
590,2.163956,2.6020606,20.0,1.936079,1.7987193,1.6124216,train
591,2.302585,2.3062952,17.0,1.9304825,1.7784199,1.5876037,train
592,2.302585,2.3700306,22.0,1.9235744,1.7805938,1.5965217,train
593,2.302585,3.3278468,14.0,1.9400021,1.791342,1.6115384,test
594,2.163956,3.2495794,13.0,1.9376119,1.7982931,1.5861086,train
595,0.325083,3.2787378,15.0,1.9324956,1.7885126,1.5734595,train
596,1.748067,2.3204641,25.0,1.9311854,1.7799119,1.570888,test
597,2.302585,2.6663437,17.0,1.9136413,1.79257,1.5813694,train
598,2.163956,2.9534707,14.0,1.9303793,1.8015842,1.5680767,test
599,2.163956,3.125382,13.0,1.9378623,1.8011606,1.5761415,train
600,2.302585,3.694388,15.0,1.9311756,1.7959405,1.5754809,train
601,-0.0,3.4225187,16.0,1.9249134,1.7776105,1.5515317,train
602,2.302585,2.410189,17.0,1.9154612,1.7849005,1.5918001,train
603,0.639032,2.790178,19.0,1.923371,1.7897975,1.5621319,train
604,1.834372,2.9186342,17.0,1.9149414,1.7873694,1.5434647,train
605,1.643418,3.373601,18.0,1.9083704,1.777766,1.5358276,train
606,-0.0,2.4524794,18.0,1.9040705,1.7693841,1.5745959,train
607,2.302585,3.4992185,16.0,1.9076904,1.7843778,1.5696076,train
608,1.227529,3.2979422,12.0,1.9131309,1.7650915,1.5625715,train
609,2.163956,2.8110898,21.0,1.9282017,1.7852196,1.5815991,train
610,2.163956,2.8925774,16.0,1.9146637,1.7803563,1.540366,test
611,1.834372,3.9678981,7.0,1.9184356,1.7788931,1.5758425,train
612,1.834372,3.049648,11.0,1.9143909,1.7808865,1.5753393,train
613,1.973001,3.6552062,10.0,1.9190406,1.7803744,1.5853586,train
614,2.025326,2.4019616,14.0,1.9377562,1.7961502,1.6051661,train
615,1.227529,2.9329376,11.0,1.9399215,1.8060987,1.5925306,train
616,2.025326,2.4985745,12.0,1.9486572,1.7913827,1.6042343,train
617,2.025326,2.3263786,13.0,1.9562064,1.8096339,1.6336846,train
618,2.302585,3.1197367,9.0,1.959685,1.8048574,1.5657011,test
619,1.227529,3.2369475,9.0,1.9019581,1.7658583,1.5583034,train
620,1.168282,3.599229,8.0,1.8965234,1.7638798,1.535648,train
621,-0.0,2.728377,10.0,1.903349,1.772294,1.5654081,train
622,1.834372,3.0884802,9.0,1.8867308,1.7623463,1.5532013,train
623,0.639032,3.138698,9.0,1.8904729,1.764451,1.5542021,train
624,1.470808,2.8758974,10.0,1.8683162,1.7705519,1.5619918,train
625,1.973001,3.5943072,8.0,1.8712711,1.7692493,1.5405111,train
626,2.025326,3.4137104,9.0,1.8896154,1.7735645,1.5467044,test
627,2.302585,3.9991698,14.0,1.9192686,1.7848996,1.5468864,test
628,2.302585,3.641737,16.0,1.9168216,1.7865559,1.5616778,train
629,1.497866,3.080505,13.0,1.9129015,1.7892874,1.5835892,train
630,2.025326,3.2792938,12.0,1.9153104,1.7917073,1.5767784,test
631,1.973001,3.24102,12.0,1.9230336,1.7846099,1.5571493,train
632,1.973001,4.218903,11.0,1.9236168,1.7879726,1.577891,test
633,2.302585,3.2915194,13.0,1.9254488,1.7911674,1.573226,train
634,2.302585,3.9124672,11.0,1.9067463,1.7766198,1.5590979,train
635,1.973001,3.459617,11.0,1.9066252,1.7786462,1.5730716,train
636,1.834372,2.989719,21.0,1.9290625,1.7852929,1.6464871,test
637,0.325083,2.559091,14.0,1.9045407,1.7679371,1.5494171,train
638,0.325083,3.7016783,9.0,1.8680817,1.7730294,1.6054734,train
639,-0.0,3.0736918,8.0,1.8693498,1.751228,1.5267626,train
640,0.325083,2.9530575,13.0,1.9323145,1.7760866,1.5691301,train
641,1.227529,3.0155134,15.0,1.9132332,1.7935253,1.5754036,train
642,0.325083,3.2490473,8.0,1.8826098,1.7595896,1.5827646,train
643,-0.0,3.6524997,7.0,1.8634309,1.7579134,1.5812346,test
644,0.897946,2.381172,26.0,1.8980736,1.7731754,1.5617962,train
645,2.163956,2.1827748,20.0,1.9769163,1.8106134,1.6640099,test
646,-0.0,2.531218,12.0,1.9200687,1.7864763,1.625605,train
647,-0.0,3.3548837,8.0,1.8780321,1.7726043,1.5911351,test
648,-0.0,3.32201,9.0,1.8956867,1.7771157,1.6139531,train
649,-0.0,4.120536,6.0,1.879774,1.7712928,1.5402203,test
650,0.801819,3.2287955,10.0,1.93847,1.7986126,1.6067442,train
651,-0.0,3.2060466,14.0,1.8853523,1.7668382,1.6071144,train
652,0.325083,2.9769747,13.0,1.882721,1.7621555,1.6022668,train
653,1.748067,2.7050335,14.0,1.9213567,1.7910088,1.6002463,test
654,1.497866,2.5028222,10.0,1.9246985,1.7850903,1.6292915,train
655,-0.0,3.0293403,13.0,1.9087349,1.78018,1.5557641,test
656,1.695743,2.7280412,8.0,1.86402,1.7515186,1.5333505,train
657,0.500402,2.925797,10.0,1.8911301,1.7821845,1.6026708,test
658,-0.0,2.578802,14.0,1.9407667,1.7918742,1.603371,test
659,1.0889,2.7293792,11.0,1.9346129,1.788948,1.560864,train
660,0.639032,3.3412066,9.0,1.8926331,1.7745435,1.5954472,test
661,-0.0,3.1509752,12.0,1.9330925,1.7790586,1.5967945,train
662,1.227529,2.9308538,11.0,1.9272267,1.7940253,1.5956453,train
663,0.325083,3.0394216,10.0,1.9027163,1.783932,1.5797791,train
664,0.943348,2.5750895,9.0,1.9118775,1.7793391,1.6364902,train
665,0.325083,3.3147001,11.0,1.9059573,1.7804496,1.5498718,test
666,0.325083,3.1061504,8.0,1.9048275,1.7719412,1.5771257,train
667,-0.0,2.8361373,11.0,1.9492083,1.7952222,1.5894032,train
668,-0.0,2.5250206,24.0,1.9473934,1.7984478,1.5904412,train
669,0.325083,2.599637,15.0,1.916433,1.7810783,1.5742823,train
670,0.325083,2.3314784,10.0,1.888095,1.7660209,1.5497211,test
671,2.163956,2.5251245,16.0,1.9149466,1.7983598,1.6290973,test
672,-0.0,2.930466,12.0,1.8944998,1.7728342,1.5882941,train
673,-0.0,3.3319778,7.0,1.8495747,1.7568601,1.5655638,test
674,1.497866,3.5406654,11.0,1.9519769,1.7900445,1.5882273,train
675,1.973001,3.1364596,20.0,1.9374304,1.7850262,1.6202215,train
676,0.325083,2.20208,11.0,1.9426104,1.7975935,1.6012164,test
677,-0.0,2.5339434,11.0,1.9029521,1.7825248,1.5837874,test
678,2.163956,3.2088215,10.0,1.9037815,1.7727038,1.5665555,train
679,0.639032,2.4304514,13.0,1.9283124,1.7888762,1.6634569,train
680,0.639032,2.7472978,10.0,1.8927116,1.771416,1.5870548,test
681,-0.0,3.8750157,8.0,1.934146,1.7790793,1.5569392,test
682,-0.0,2.3922434,16.0,1.939828,1.7911853,1.6075782,train
683,0.325083,3.2186248,7.0,1.888918,1.7696453,1.5774922,train
684,-0.0,3.2364175,7.0,1.8903627,1.7597749,1.5542654,train
685,1.227529,3.0644493,10.0,1.9178505,1.7828752,1.6174021,train
686,-0.0,3.0969965,12.0,1.8940302,1.7706965,1.5682559,train
687,0.325083,2.2249284,15.0,1.922074,1.7853073,1.6326734,train
688,0.943348,2.383,20.0,1.9225426,1.779425,1.608995,test
689,1.168282,3.0556252,10.0,1.9244086,1.7842901,1.6118412,train
690,-0.0,2.668518,9.0,1.9300152,1.784028,1.6083136,train
691,0.639032,3.305835,11.0,1.9255157,1.7869174,1.5916637,train
692,-0.0,3.8099897,11.0,1.8974377,1.7752708,1.5643209,train
693,1.973001,2.6846156,13.0,1.9198841,1.7767028,1.5260577,test
694,0.610864,2.8225744,14.0,1.9340512,1.7807453,1.5180885,train
695,0.801819,2.1984258,14.0,1.9145131,1.7896138,1.6355042,test
696,0.325083,2.8215978,14.0,1.9242668,1.7842531,1.5931009,test
697,0.325083,3.3614223,8.0,1.9013089,1.7778062,1.5386509,train
698,1.470808,2.4793217,13.0,1.9250135,1.7751305,1.5804964,test
699,1.748067,2.2129273,16.0,1.9347382,1.7911756,1.600522,train
700,-0.0,3.1367733,17.0,1.8986267,1.7565386,1.5159568,train
701,2.302585,2.7379885,23.0,1.9205076,1.7790188,1.5747961,train
702,-0.0,1.917186,21.0,1.9171077,1.798472,1.6283321,train
703,-0.0,3.1088402,10.0,1.9037327,1.7733296,1.5485026,train
704,2.163956,2.3478355,22.0,1.9169683,1.7651575,1.6237907,train
705,0.610864,3.7136843,15.0,1.9349743,1.7806876,1.5993699,train
706,0.325083,2.7305048,12.0,1.8925105,1.7755461,1.5909761,train
707,-0.0,4.264604,6.0,1.8453794,1.7555875,1.5441633,train
708,0.325083,2.9412887,9.0,1.8594284,1.7506768,1.5827404,train
709,1.0889,3.3695128,7.0,1.8976835,1.7706833,1.5786176,train
710,-0.0,3.546418,8.0,1.9031782,1.7817078,1.6131859,test
711,0.693147,2.5826857,12.0,1.8916172,1.771201,1.5384369,train
712,0.639032,2.7237356,13.0,1.8959807,1.7799736,1.5493516,test
713,1.168282,2.5178082,12.0,1.9344765,1.7907066,1.6122767,test
714,0.940448,2.9185636,11.0,1.897431,1.7825572,1.5805287,train
715,-0.0,2.7621953,14.0,1.942523,1.7917289,1.5930662,train
716,2.163956,2.845749,12.0,1.907514,1.7838784,1.5821258,train
717,0.639032,1.7353699,30.0,1.9462147,1.8071299,1.6014034,train
718,0.639032,3.05957,8.0,1.8633865,1.7563444,1.5450302,train
719,0.325083,2.8035676,12.0,1.8952671,1.7900609,1.600186,train
720,-0.0,2.0385206,18.0,1.938681,1.7961887,1.613597,train
721,-0.0,1.9655122,19.0,1.9360963,1.8054829,1.61097,test
722,-0.0,2.816152,14.0,1.9296857,1.7822407,1.5877757,train
723,-0.0,1.8339392,25.0,1.9298407,1.7810819,1.6670799,test
724,0.639032,2.496656,10.0,1.9074777,1.7784593,1.608446,train
725,1.834372,3.2811756,9.0,1.9325751,1.7918541,1.6315743,test
726,-0.0,2.7327025,11.0,1.9346236,1.7822028,1.5896353,train
727,0.325083,3.1712446,12.0,1.918406,1.7991962,1.5506387,test
728,-0.0,3.0120072,11.0,1.9260569,1.7917114,1.575511,train
729,-0.0,3.2832377,7.0,1.8885046,1.7753989,1.5583843,train
730,1.279854,2.6784678,9.0,1.9315449,1.791375,1.6030707,test
731,-0.0,3.0410514,13.0,1.8870478,1.7748691,1.5760304,test
732,-0.0,2.6753561,12.0,1.8830086,1.768037,1.5797672,train
733,-0.0,3.541337,8.0,1.8986496,1.7710211,1.5626154,train
734,0.500402,2.798227,17.0,1.9148916,1.7928715,1.5901752,test
735,-0.0,2.5843768,15.0,1.8909668,1.7649609,1.5383312,train
736,0.940448,3.0022929,12.0,1.9124426,1.7783781,1.5684758,train
737,0.940448,2.7677467,18.0,1.9273992,1.7814808,1.5496784,train
738,-0.0,1.8830357,12.0,1.9295859,1.7925466,1.5772942,train
739,0.500402,2.3945663,10.0,1.9430376,1.8111553,1.6372126,train
740,1.227529,2.6533606,11.0,1.9173368,1.7766982,1.5779115,train
741,0.639032,3.3870597,13.0,1.9144481,1.7627162,1.5375582,test
742,1.359237,2.9408045,9.0,1.888404,1.7664386,1.5937372,test
743,-0.0,2.9935606,7.0,1.8870465,1.7649885,1.5576385,test
744,1.834372,2.697608,12.0,1.9378815,1.789925,1.6199652,train
745,1.470808,3.111192,7.0,1.8648533,1.7589916,1.5932215,train
746,-0.0,2.7321942,7.0,1.9041315,1.7724472,1.5688006,train
747,0.940448,2.9664783,12.0,1.9123545,1.7666951,1.5587306,test
748,-0.0,2.5783947,15.0,1.9133972,1.7919096,1.605781,train
749,0.610864,2.769711,14.0,1.90441,1.7951385,1.5993257,train
750,1.0889,3.5011303,9.0,1.8845806,1.7722075,1.5392269,train
751,1.497866,2.148312,11.0,1.925928,1.79581,1.6310862,train
752,0.940448,3.5131505,8.0,1.9128445,1.7809263,1.5782546,train
753,-0.0,3.1898088,6.0,1.8551788,1.7448692,1.5647622,train
754,0.639032,3.929036,11.0,1.900647,1.770471,1.5841837,train
755,1.0889,2.306209,18.0,1.9472688,1.8129079,1.6314307,train
756,-0.0,2.3080645,11.0,1.8763808,1.7717081,1.5573682,train
757,0.325083,3.4697888,10.0,1.9242247,1.798527,1.5338488,train
758,0.325083,3.1610239,17.0,1.9049053,1.7737147,1.5368977,train
759,-0.0,3.192511,14.0,1.9147965,1.790162,1.5729216,train
760,1.834372,3.186975,10.0,1.9156097,1.7875112,1.5662559,train
761,-0.0,2.579319,9.0,1.9154302,1.7782172,1.5857838,test
762,1.695743,2.5460608,18.0,1.9065695,1.7748392,1.6135927,test
763,-0.0,2.7638986,14.0,1.9277381,1.7906646,1.605029,test
764,0.325083,3.3817077,10.0,1.8973414,1.7789128,1.5591831,train
765,1.227529,2.5716803,9.0,1.9148992,1.7681749,1.5639486,test
766,0.325083,2.6521657,21.0,1.9160274,1.7790877,1.5535469,train
767,-0.0,2.5799758,12.0,1.9172567,1.7847735,1.5952582,train
768,-0.0,2.8691697,10.0,1.9076467,1.7782661,1.567246,train
769,-0.0,2.5964682,12.0,1.9193944,1.7770201,1.6004314,train
770,-0.0,4.0915422,7.0,1.8800548,1.7527483,1.5432968,test
771,0.639032,2.4011722,10.0,1.8889796,1.7719516,1.5744463,train
772,1.497866,2.8708076,14.0,1.9382037,1.795266,1.6089872,test
773,1.0889,3.662131,10.0,1.9455256,1.7898163,1.6093401,train
774,1.497866,3.9347122,7.0,1.8665309,1.7663952,1.5492624,train
775,-0.0,3.2095873,11.0,1.9360647,1.791103,1.5758861,test
776,-0.0,3.6313918,13.0,1.9187692,1.7820263,1.5556235,train
777,1.227529,3.5868459,13.0,1.8943901,1.7615318,1.504355,train
778,0.801819,3.9480057,8.0,1.9154533,1.7836031,1.6034924,train
779,2.163956,3.2284875,13.0,1.9169105,1.7650298,1.5511154,train
780,2.163956,3.1773856,14.0,1.9153568,1.7771883,1.5584947,train
781,0.639032,3.8218172,11.0,1.9206804,1.7926416,1.6022619,train
782,0.940448,3.0314398,13.0,1.939005,1.7971039,1.6055474,train
783,0.940448,2.2263162,14.0,1.9230179,1.7846097,1.6113561,train
784,0.639032,1.7434666,23.0,1.9538897,1.7973472,1.6675978,train
785,0.325083,2.8201492,14.0,1.9052719,1.7950047,1.58851,train
786,0.325083,2.787002,10.0,1.8872885,1.7641519,1.5610666,test
787,-0.0,2.8655336,12.0,1.9065667,1.7767681,1.5837545,test
788,-0.0,3.1337667,9.0,1.8874907,1.7875382,1.5654875,train
789,0.325083,2.6754086,8.0,1.8954992,1.7756315,1.5433673,train
790,-0.0,2.1815572,17.0,1.9258803,1.7773712,1.6111614,train
791,0.673012,2.6223333,12.0,1.9026057,1.7834326,1.6027871,train
792,1.748067,3.346675,9.0,1.8779427,1.7606388,1.5674605,train
793,0.325083,3.101906,11.0,1.9357592,1.8038434,1.5594783,train
794,-0.0,2.9460127,8.0,1.8843728,1.761378,1.5355138,test
795,1.418484,3.0367327,10.0,1.9223909,1.7790024,1.5404168,train
796,0.639032,2.6900444,15.0,1.9326359,1.7947958,1.599164,test
797,2.302585,3.790036,10.0,1.9016024,1.7754164,1.551046,test
798,-0.0,2.3984952,14.0,1.9358922,1.7915663,1.6240524,train
799,-0.0,2.5208313,14.0,1.9446882,1.7945029,1.6120658,train
800,1.227529,3.343213,11.0,1.9333892,1.7966242,1.6118269,train
801,0.325083,2.7872174,13.0,1.9484612,1.8169955,1.6177007,test
802,1.359237,3.0978286,16.0,1.919074,1.7730378,1.570481,train
803,-0.0,3.165052,13.0,1.8849176,1.7665502,1.5797472,train
804,2.025326,2.4645998,15.0,1.9102978,1.7845851,1.5919949,train
805,0.325083,2.5390694,12.0,1.937374,1.7911489,1.6079184,train
806,2.163956,2.9988832,10.0,1.9337758,1.796963,1.6046653,test
807,0.940448,3.4192088,7.0,1.8835374,1.7585229,1.5830245,test
808,1.497866,4.7465086,6.0,1.8671093,1.7542697,1.5507096,train
809,1.557113,4.697975,6.0,1.8984176,1.7711084,1.5419288,train
810,0.610864,4.4476676,9.0,1.9430133,1.7888079,1.53956,test
811,-0.0,4.3545995,9.0,1.9042664,1.7659792,1.5718018,train
812,0.639032,2.0257888,25.0,1.9404207,1.8082008,1.6527265,test
813,0.673012,2.047596,22.0,1.9419626,1.7904855,1.6325699,test
814,1.643418,2.4692523,13.0,1.8918638,1.7758391,1.5906743,test
815,0.801819,2.5174913,11.0,1.9048792,1.7791494,1.6152831,test
816,0.639032,3.0250785,10.0,1.8849373,1.7724396,1.588953,train
